Date,team_name,option,game_link,repository_link,video_link
2026-10-03 12:50:57.484734519 +0000 UTC,THE ULTRONS,03 Unitary Gates,https://bejewelled-madeleine-e7bca9.netlify.app,https://github.com/pranaykadamanchi442007-cpu/Quriosity-Quantamn-Quest,https://youtu.be/mhUsFzIC468
2026-10-03 21:35:23.56028715 +0000 UTC,treekeliye,03 Unitary Gates,https://nanchan1912.github.io/nothing-is-lost/,https://github.com/nanchan1912/nothing-is-lost,https://drive.google.com/drive/folders/1hFgJTkXoxcb4aIl9LYlEn3QfdVidl0jH?usp=sharing
2026-10-03 21:34:23.56028715 +0000 UTC,PowerPuff Girls,04 Amplitude Amplification,https://avengers-quantum-doom.vercel.app/,https://github.com/Schrodingerscat07/AVENGERS-QUANTUM-DOOM,https://youtu.be/Wpts0XOrOZQ
2026-10-03 21:34:23.56028715 +0000 UTC,Qubit Busters,03 Unitary Gates,https://analytic-areis.itch.io/qubit-roll,https://github.com/Analytic-Areis/Qbit-Roll.git,https://example.com
2026-10-03 21:30:23.56028715 +0000 UTC,The_Qubitarians,04 Amplitude Amplification,https://neshanth-yalamaddi.github.io/The_Qubitarians/,https://github.com/Neshanth-Yalamaddi/The_Qubitarians,https://youtu.be/8ZTkkSQpHtY?si=fhFa0nzg-qo5XQq1
2026-10-03 21:30:00.524755971 +0000 UTC,blank's verse,04 Amplitude Amplification,https://blank6890.itch.io/blanks-verse,https://github.com/blank6890/blank-s-verse,https://github.com/blank6890/blank-s-verse
2026-10-03 21:29:45.227809838 +0000 UTC,PapaLima,01 Basis Switching,https://rawcdn.githack.com/Incognius/QuantumZombie/be3d01ed0233354718491a454b3b646485c0d5bf/play/index.html,https://github.com/Incognius/QuantumZombie,https://youtu.be/jEl6B5g8yEw
2026-10-03 21:28:58.454505484 +0000 UTC,shor we'll participate,04 Amplitude Amplification,https://edwardesmerson.github.io/isaqc-gamejam/,https://github.com/edwardEsmerson/isaqc-gamejam,https://example.com
2026-10-03 21:26:38.097208486 +0000 UTC,Ignotus,04 Amplitude Amplification,https://null-signal-quantum-game.vercel.app/,https://github.com/adhyumna008-hub/null-signal-quantum-game,https://youtu.be/CUtfBZe66sw
2026-10-03 21:24:07.805459325 +0000 UTC,Stack Attack ,05 Superdense Coding,https://akthar-47.github.io/Superdense-Treasure-Hunt/,https://github.com/AKTHAR-47/Superdense-Treasure-Hunt.git,https://youtu.be/fGuoNdgGBJ8
2026-10-03 21:23:51.681728119 +0000 UTC,Paradox Protocol,06 Error Syndromes,https://nitheesh-me.github.io/no-peeking/,https://github.com/nitheesh-me/no-peeking,https://youtu.be/OVc9X6L0F6k
2026-10-03 21:22:51.912938472 +0000 UTC,Vertex,05 Superdense Coding,https://varshith385.github.io/quriosity-parcel/,https://github.com/varshith385/quriosity-parcel,https://drive.google.com/file/d/1nhXWA87YfGI5iZFbae1O-xOc_CX_p_Mn/view?usp=sharing
2026-10-03 21:13:23.738659579 +0000 UTC,God Plays Dice,03 Unitary Gates,https://pibot314.github.io/plants-vs-qubits/,https://github.com/PiBot314/plants-vs-qubits,https://www.youtube.com/watch?v=BkMaMbHdndg
2026-10-03 21:12:20.079558367 +0000 UTC,Qubit Paradox,03 Unitary Gates,https://thrishalyeggoni-hue.github.io/iiith/,https://github.com/thrishalyeggoni-hue/iiith,https://youtube.com/playlist?list=PLHrWR858TXLQ&si=dwbPfRE3i8HjZqEf
2026-10-03 21:05:50.185074693 +0000 UTC,Avinova,03 Unitary Gates,https://avaniprasad407-prog.github.io/The-damaged-quantum-lab-adventure/,https://github.com/avaniprasad407-prog/The-damaged-quantum-lab-adventure,https://youtu.be/rBemNO_PxJs
2026-10-03 21:02:21.75885638 +0000 UTC,Zenvora,01 Basis Switching,https://ais-pre-5zf3g5zcrplzsmrhaxa2vs-543299134966.asia-southeast1.run.app,https://github.com/PrayagPyarasani/Quantumn-Bunny.git,https://www.youtube.com/watch?v=xLHvImNjBxs
2026-10-03 20:52:15.637835857 +0000 UTC,ENTANGLEX,03 Unitary Gates,https://9ananyareddy0.github.io/Quantum-Echo/,https://github.com/9AnanyaReddy0/Quantum-Echo.git,https://youtu.be/QEJPQbzNm_Y
2026-10-03 20:47:23.793213926 +0000 UTC,vision coders,01 Basis Switching,https://quantum-game-xi.vercel.app/,https://github.com/peeru1234/Quantum-Game,https://youtu.be/fETE8rJDIJU
2026-10-03 20:43:51.3617601 +0000 UTC,Khatron ke Khiladi,01 Basis Switching,https://manaswini-polepalli.itch.io/the-village-that-looks-back,https://github.com/Manaswini264/The-Village-That-Looks-Back,https://youtu.be/Jj8aDMVLD0Q
2026-10-03 20:17:53.506824023 +0000 UTC,ZENITSU,01 Basis Switching,https://measurement-lock.vercel.app/,https://github.com/ramavathramteja-web/measurement-lock,https://youtu.be/K6OzpIJPyj0
2026-10-03 18:28:09.894087218 +0000 UTC,Qnova,03 Unitary Gates,https://creminds.github.io/Qnova/,https://github.com/creminds/Qnova,https://drive.google.com/file/d/1hUVDOJOnZRFWpQNY-CDcLc_JbN9OBBpa/view?usp=drivesdk
2026-10-03 17:53:17.81926274 +0000 UTC,Mystic Girls,06 Error Syndromes,https://1drv.ms/u/c/288C39F098F0D928/IQC9h2KC2iqdTKfyXfPxkdj8AU0iLhTIkSErFeL_z-ultY4?e=anqOqG,https://github.com/saipriyaa767-cmd/ERROR-SYNDROMES.git,https://youtube.com/shorts/vIwoFyBw7ZE?si=OeuuXpbP2XzozoRR
2026-10-03 17:18:56.850171455 +0000 UTC,Bug Busters,01 Basis Switching,https://cherukusiri10-code.github.io/Quantum-game/,https://cherukusiri10-code.github.io/Quantum-game/,https://cherukusiri10-code.github.io/Quantum-game/
2026-10-03 17:13:13.635854846 +0000 UTC,TEAM APEX,04 Amplitude Amplification,https://quantum-vault-chi.vercel.app/,https://github.com/sairam1099-hyd/QUANTUM-VAULT,https://drive.google.com/file/d/1qjsgCjZDRp3mkXJpHPxaWNGZ89mk_3MG/view?usp=drivesdk
2026-10-03 15:15:59.48474077 +0000 UTC,Alpha Riders,01 Basis Switching,https://quantum-courier.onrender.com/,https://github.com/revanthsivakoppu-rgb/quantum-courier,https://youtu.be/QDsGhkexH0E
2026-10-03 14:40:43.071620247 +0000 UTC,Falcon,06 Error Syndromes,https://error-syndromes.vercel.app/,https://github.com/yeshwanthpaluri77/Error-Syndromes,https://drive.google.com/file/d/16KPFoKNpGZW-95AEsaUkWj0awf8Tko8c/view?usp=sharing
2026-10-03 14:13:35.941611142 +0000 UTC,Code_Infinite,04 Amplitude Amplification,https://chidvi1in-beep.itch.io/the-observer,https://github.com/chidvi1in-beep/The-Observer,https://www.youtube.com/watch?v=P2d5jDORMmM
